"Date ","series ","OPEN ","HIGH ","LOW ","PREV. CLOSE ","ltp ","close ","vwap ","52W H ","52W L ","VOLUME ","VALUE ","No of trades "
"13-Apr-2022","EQ","380.00","391.50","378.60","377.45","389.70","389.90","386.52","602.05","321.00",3409690,"1,317,914,992.60",35404
"12-Apr-2022","EQ","387.00","387.45","372.50","385.95","377.25","377.45","378.65","602.05","321.00",2125154,"804,698,013.35",29115
"11-Apr-2022","EQ","385.10","388.80","383.30","383.30","386.30","385.95","385.83","602.05","321.00",1541976,"594,940,923.85",19961
"08-Apr-2022","EQ","385.80","386.00","377.90","383.50","383.90","383.30","381.79","602.05","321.00",2570196,"981,280,040.50",35632
"07-Apr-2022","EQ","385.00","388.70","381.65","382.25","383.90","383.50","385.16","602.05","321.00",2337554,"900,323,885.25",30560
"06-Apr-2022","EQ","390.00","396.40","380.60","389.30","382.50","382.25","386.44","602.05","321.00",4399603,"1,700,161,029.25",55739
"05-Apr-2022","EQ","395.00","395.10","386.60","391.95","388.20","389.30","390.66","602.05","321.00",2799174,"1,093,518,934.10",27692
"04-Apr-2022","EQ","384.80","392.95","383.00","380.40","391.75","391.95","389.33","602.05","321.00",2529886,"984,962,448.85",38210
"01-Apr-2022","EQ","375.95","381.25","372.50","373.15","380.50","380.40","377.40","602.05","321.00",1616436,"610,042,673.85",23483
"31-Mar-2022","EQ","375.00","384.70","371.25","373.25","372.00","373.15","376.67","602.05","321.00",3121345,"1,175,703,252.65",45442
"30-Mar-2022","EQ","373.50","377.00","368.25","369.20","376.00","373.25","372.68","602.05","321.00",5883277,"2,192,558,044.70",53186
"29-Mar-2022","EQ","368.50","375.70","367.10","365.80","369.40","369.20","370.89","602.05","321.00",2626771,"974,230,850.65",33641
"28-Mar-2022","EQ","367.80","373.00","361.00","367.80","366.00","365.80","365.16","602.05","321.00",2319462,"846,976,632.50",30720
"25-Mar-2022","EQ","380.00","380.80","366.05","377.40","368.10","367.80","370.36","602.05","321.00",2131453,"789,411,513.15",32451
"24-Mar-2022","EQ","375.20","379.75","373.85","373.85","376.50","377.40","376.42","602.05","321.00",1922950,"723,827,920.40",26221
"23-Mar-2022","EQ","374.95","385.00","372.30","370.90","372.70","373.85","377.74","602.05","321.00",3928921,"1,484,095,742.45",53280
"22-Mar-2022","EQ","375.55","376.80","368.00","374.20","371.10","370.90","371.52","602.05","321.00",2308678,"857,715,265.80",35945
"21-Mar-2022","EQ","392.00","392.90","372.80","391.95","374.00","374.20","379.66","602.05","321.00",3398768,"1,290,381,105.20",49089
"17-Mar-2022","EQ","394.50","397.85","390.95","390.55","392.35","391.95","393.96","602.05","321.00",3037279,"1,196,561,858.35",40188
"16-Mar-2022","EQ","383.00","392.50","380.45","382.30","391.00","390.55","388.29","602.05","321.00",3218325,"1,249,657,038.50",45207
"15-Mar-2022","EQ","400.15","400.95","381.00","398.20","381.85","382.30","389.13","602.05","321.00",3452311,"1,343,400,777.15",49136
"14-Mar-2022","EQ","378.15","399.90","375.85","378.15","399.20","398.20","389.05","602.05","321.00",7105216,"2,764,278,451.55",81719
"11-Mar-2022","EQ","388.00","389.65","376.50","383.40","378.00","378.15","382.00","602.05","321.00",4167687,"1,592,054,452.50",56872
"10-Mar-2022","EQ","382.55","385.00","376.30","380.10","381.70","383.40","381.44","602.05","321.00",4305861,"1,642,408,380.45",102822
"09-Mar-2022","EQ","377.55","382.75","358.00","370.15","379.95","380.10","371.06","602.05","321.00",11117891,"4,125,458,657.00",124458
"08-Mar-2022","EQ","344.75","376.00","342.80","337.65","370.00","370.15","365.40","602.05","321.00",21995182,"8,037,007,471.20",237901
"07-Mar-2022","EQ","325.00","342.95","321.00","331.75","337.65","337.65","334.22","602.05","321.00",4036753,"1,349,179,947.45",52234
"04-Mar-2022","EQ","338.00","338.00","327.20","340.80","332.00","331.75","331.84","602.05","327.20",3025511,"1,003,971,193.50",53570
"03-Mar-2022","EQ","347.50","347.55","339.20","341.75","340.25","340.80","341.75","602.05","331.20",1743736,"595,922,424.15",38469
"02-Mar-2022","EQ","340.00","348.00","339.10","346.85","341.35","341.75","343.32","602.05","331.20",2415735,"829,380,784.30",49933
"28-Feb-2022","EQ","341.80","349.65","335.60","344.10","347.00","346.85","343.74","602.05","331.20",4554191,"1,565,465,751.85",63337
"25-Feb-2022","EQ","343.00","349.50","337.10","334.30","344.50","344.10","344.47","602.05","331.20",2838578,"977,812,432.65",69934
"24-Feb-2022","EQ","345.60","352.10","331.20","361.10","333.05","334.30","338.34","602.05","331.20",5950896,"2,013,431,305.45",70655
"23-Feb-2022","EQ","361.60","367.30","360.25","360.40","360.35","361.10","363.92","602.05","354.10",2342357,"852,441,860.95",38754
"22-Feb-2022","EQ","365.80","366.00","354.10","370.55","360.60","360.40","359.03","602.05","354.10",5204422,"1,868,556,871.95",78394
"21-Feb-2022","EQ","375.05","377.55","369.05","377.95","369.45","370.55","372.06","602.05","369.05",1692314,"629,636,141.25",30798
"18-Feb-2022","EQ","378.00","381.00","374.50","380.40","377.10","377.95","378.13","602.05","371.55",2037415,"770,413,630.00",33054
"17-Feb-2022","EQ","386.50","390.10","379.10","386.80","380.45","380.40","382.86","602.05","371.55",1833886,"702,115,883.90",34412
"16-Feb-2022","EQ","389.70","391.80","383.35","383.75","387.00","386.80","387.64","602.05","371.55",1467847,"569,002,590.90",29281
"15-Feb-2022","EQ","382.20","386.70","372.10","380.65","384.55","383.75","379.11","602.05","371.55",2575874,"976,533,412.15",53119
"14-Feb-2022","EQ","386.95","391.30","371.55","392.85","379.70","380.65","382.58","602.05","371.55",3002086,"1,148,543,647.35",48026
"11-Feb-2022","EQ","387.50","395.80","387.00","389.90","392.10","392.85","393.23","602.05","378.90",3259759,"1,281,819,284.80",46505
"10-Feb-2022","EQ","388.95","392.45","385.25","387.10","389.90","389.90","389.55","602.05","378.90",1665999,"648,995,275.55",41565
"09-Feb-2022","EQ","396.50","406.00","378.90","392.10","387.00","387.10","389.04","602.05","378.90",6930165,"2,696,100,519.90",102488
"08-Feb-2022","EQ","396.00","396.10","384.75","394.10","393.00","392.10","390.53","602.05","384.75",2161065,"843,963,544.65",32656
"07-Feb-2022","EQ","400.00","400.70","390.70","396.65","393.95","394.10","395.30","602.05","386.10",1846075,"729,755,488.95",27273
"04-Feb-2022","EQ","402.40","402.85","396.00","401.15","396.60","396.65","398.88","602.05","386.10",1414618,"564,255,791.25",21501
"03-Feb-2022","EQ","409.50","411.00","399.00","407.45","400.00","401.15","404.56","602.05","386.10",1913670,"774,194,276.90",35175
"02-Feb-2022","EQ","401.00","408.90","398.50","399.00","407.65","407.45","403.35","602.05","386.10",1844862,"744,131,609.30",30774
"01-Feb-2022","EQ","397.00","399.80","390.10","392.80","398.75","399.00","395.79","602.05","386.10",2085430,"825,394,234.30",34327
"31-Jan-2022","EQ","398.00","403.00","392.10","394.60","393.00","392.80","396.68","602.05","386.10",2818382,"1,117,989,071.70",51850
"28-Jan-2022","EQ","395.00","406.40","393.00","393.00","393.80","394.60","398.77","602.05","386.10",2781495,"1,109,180,536.65",43677
"27-Jan-2022","EQ","399.00","399.00","386.55","399.30","394.40","393.00","392.58","602.05","386.10",2879761,"1,130,534,947.55",65535
"25-Jan-2022","EQ","395.80","402.00","386.10","396.45","399.70","399.30","396.86","602.05","386.10",3386551,"1,344,003,452.40",69413
"24-Jan-2022","EQ","425.10","425.40","390.55","425.10","395.95","396.45","401.42","602.05","390.55",5780765,"2,320,540,829.95",98793
"21-Jan-2022","EQ","435.00","435.85","421.55","435.30","426.00","425.10","427.07","602.05","421.55",2466205,"1,053,249,949.00",49725
"20-Jan-2022","EQ","441.75","443.80","432.90","438.60","435.85","435.30","438.79","602.05","432.90",3574434,"1,568,415,218.50",46554
"19-Jan-2022","EQ","454.50","455.25","435.00","453.35","439.40","438.60","441.83","602.05","435.00",9365040,"4,137,714,962.10",115633
"18-Jan-2022","EQ","457.10","464.90","450.50","454.80","453.90","453.35","456.91","602.05","450.50",3629157,"1,658,186,328.75",71935
"17-Jan-2022","EQ","460.50","461.85","453.90","461.45","454.65","454.80","455.85","602.05","453.90",3611876,"1,646,473,675.45",63397
"14-Jan-2022","EQ","464.75","466.60","460.05","463.55","461.20","461.45","462.24","602.05","454.00",1623010,"750,216,707.25",25347
"13-Jan-2022","EQ","461.00","464.50","458.55","458.35","463.00","463.55","461.68","602.05","454.00",1840251,"849,612,980.55",42015
"12-Jan-2022","EQ","465.00","467.40","456.90","463.50","458.80","458.35","460.14","602.05","454.00",2966412,"1,364,962,735.60",51959
"11-Jan-2022","EQ","470.00","470.25","462.80","468.60","463.90","463.50","464.60","602.05","454.00",1394380,"647,832,220.45",34853
"10-Jan-2022","EQ","470.70","471.00","467.05","468.30","468.90","468.60","468.88","602.05","454.00",1426221,"668,720,324.00",23415
"07-Jan-2022","EQ","468.50","473.90","465.10","464.55","468.50","468.30","469.44","602.05","454.00",2088607,"980,482,810.95",32399
"06-Jan-2022","EQ","461.30","465.80","459.00","461.30","465.75","464.55","463.30","602.05","454.00",4475502,"2,073,498,091.90",62183
"05-Jan-2022","EQ","470.00","475.25","460.10","469.85","462.35","461.30","466.28","602.05","454.00",3172186,"1,479,127,198.20",61328
"04-Jan-2022","EQ","476.65","477.85","467.60","474.80","470.00","469.85","470.91","602.05","454.00",1651962,"777,931,556.00",40614
"03-Jan-2022","EQ","471.80","476.30","470.30","470.40","474.40","474.80","474.02","602.05","454.00",799096,"378,785,435.20",14179
"31-Dec-2021","EQ","468.00","472.55","465.50","466.25","470.00","470.40","469.63","602.05","454.00",2011305,"944,560,910.75",43154
"30-Dec-2021","EQ","478.00","478.85","464.85","479.00","467.90","466.25","469.82","602.05","454.00",2466619,"1,158,855,861.30",41918
"29-Dec-2021","EQ","481.35","482.80","477.00","478.95","477.70","479.00","480.16","602.05","454.00",1069554,"513,551,738.35",13549
"28-Dec-2021","EQ","487.40","488.70","478.25","483.90","480.10","478.95","483.53","602.05","454.00",2704779,"1,307,834,353.65",36850
"27-Dec-2021","EQ","490.50","492.15","482.60","494.25","483.40","483.90","485.01","602.05","454.00",2164831,"1,049,967,610.65",28988
"24-Dec-2021","EQ","501.00","502.00","489.20","499.50","493.70","494.25","493.30","602.05","451.65",1173194,"578,736,334.35",16776
"23-Dec-2021","EQ","504.00","504.00","496.05","497.65","500.80","499.50","500.28","602.05","451.65",1205620,"603,145,335.15",19959
"22-Dec-2021","EQ","497.95","498.60","492.05","493.50","497.15","497.65","496.32","602.05","451.65",848292,"421,028,229.70",31027
"21-Dec-2021","EQ","486.00","494.90","482.70","481.90","494.90","493.50","490.38","602.05","451.65",761769,"373,552,907.65",14324
"20-Dec-2021","EQ","489.00","489.30","471.80","493.65","480.05","481.90","479.00","602.05","451.65",2344007,"1,122,785,285.10",43452
"17-Dec-2021","EQ","495.05","499.50","491.30","497.50","493.90","493.65","494.60","602.05","451.65",1261627,"624,003,482.80",21785
"16-Dec-2021","EQ","498.10","499.50","490.70","496.35","498.00","497.50","495.65","602.05","451.65",1801077,"892,709,146.60",24374
"15-Dec-2021","EQ","513.45","513.45","494.00","510.85","495.30","496.35","503.68","602.05","451.65",1932782,"973,500,212.90",37020
"14-Dec-2021","EQ","498.70","512.50","496.15","500.25","511.40","510.85","505.66","602.05","451.65",1805110,"912,764,829.60",40491
"13-Dec-2021","EQ","505.00","506.00","497.00","502.40","500.00","500.25","499.67","602.05","451.65",1622151,"810,541,352.45",36376
"10-Dec-2021","EQ","500.60","506.00","498.40","500.60","501.85","502.40","502.01","602.05","451.65",1038822,"521,500,101.65",11852
"09-Dec-2021","EQ","500.10","501.80","493.05","496.25","500.10","500.60","497.89","602.05","451.65",1469590,"731,700,286.65",23122
"08-Dec-2021","EQ","502.00","502.65","493.95","498.65","496.70","496.25","496.87","602.05","451.65",1840097,"914,292,583.15",33137
"07-Dec-2021","EQ","495.00","501.80","492.50","491.80","498.75","498.65","497.59","602.05","451.65",823944,"409,984,060.30",16132
"06-Dec-2021","EQ","509.95","510.90","490.00","505.80","491.40","491.80","498.35","602.05","451.65",2378690,"1,185,424,925.60",38716
"03-Dec-2021","EQ","499.90","508.40","499.05","498.10","505.50","505.80","505.06","602.05","451.65",2685017,"1,356,083,017.35",55685
"02-Dec-2021","EQ","488.00","499.00","485.70","484.75","498.30","498.10","494.84","602.05","451.65",1889099,"934,804,408.90",34629
"01-Dec-2021","EQ","485.00","490.00","481.00","484.25","485.00","484.75","486.10","602.05","451.65",2004242,"974,254,474.70",34741
"30-Nov-2021","EQ","480.10","489.90","479.75","480.90","483.00","484.25","483.86","602.05","451.65",2600828,"1,258,423,924.30",36346
"29-Nov-2021","EQ","480.25","488.65","471.00","486.40","479.50","480.90","481.92","602.05","451.65",1217336,"586,664,615.00",32489
"26-Nov-2021","EQ","495.05","500.25","482.80","497.60","485.85","486.40","493.46","602.05","437.25",2905022,"1,433,518,963.85",43654
"25-Nov-2021","EQ","491.70","498.45","487.60","491.75","497.35","497.60","493.65","602.05","437.25",1829265,"903,008,103.05",30450
"24-Nov-2021","EQ","496.70","501.90","488.00","494.20","489.50","491.75","497.28","602.05","437.25",1432504,"712,349,310.20",28686
"23-Nov-2021","EQ","474.30","496.40","472.85","474.30","495.20","494.20","489.33","602.05","437.25",3300556,"1,615,050,624.15",56956
"22-Nov-2021","EQ","491.25","491.25","470.45","490.10","475.35","474.30","479.57","602.05","437.25",1809765,"867,912,142.90",29125
"18-Nov-2021","EQ","496.50","500.85","485.80","497.10","489.00","490.10","492.41","602.05","429.60",1967124,"968,633,338.95",37465
"17-Nov-2021","EQ","498.00","505.00","495.00","502.15","496.25","497.10","501.13","602.05","429.60",1525422,"764,438,160.10",36314
"16-Nov-2021","EQ","505.10","508.10","500.00","504.85","500.00","502.15","505.03","602.05","429.60",1765634,"891,689,653.85",36548
"15-Nov-2021","EQ","502.00","508.70","497.00","497.70","503.95","504.85","504.28","602.05","429.60",3258816,"1,643,349,121.30",54808
"12-Nov-2021","EQ","502.95","505.60","496.00","499.65","497.80","497.70","499.66","602.05","415.55",1170158,"584,675,502.05",23026
"11-Nov-2021","EQ","493.60","505.80","491.00","491.10","497.10","499.65","500.07","602.05","415.55",4114779,"2,057,683,075.20",70474
"10-Nov-2021","EQ","499.80","499.80","483.00","494.00","491.75","491.10","491.01","602.05","415.55",6372142,"3,128,794,656.70",97446
"09-Nov-2021","EQ","494.75","496.65","486.30","490.50","494.40","494.00","492.62","602.05","415.55",2446127,"1,205,015,618.75",45182
"08-Nov-2021","EQ","485.05","492.90","477.10","480.95","492.45","490.50","483.70","602.05","415.55",2620923,"1,267,728,243.90",44667
"04-Nov-2021","EQ","481.00","483.40","479.00","477.00","481.20","480.95","480.98","602.05","398.20",211350,"101,655,935.65",8200
"03-Nov-2021","EQ","480.00","482.55","473.15","477.60","477.00","477.00","477.74","602.05","398.20",821359,"392,395,763.95",16321
"02-Nov-2021","EQ","479.60","483.90","475.60","477.20","478.65","477.60","479.45","602.05","398.20",1094756,"524,875,362.40",19993
"01-Nov-2021","EQ","478.00","482.15","471.15","473.90","476.95","477.20","475.93","602.05","398.20",1669531,"794,571,654.45",35600
"29-Oct-2021","EQ","455.00","475.95","454.00","462.90","475.80","473.90","470.63","602.05","390.50",3063102,"1,441,597,435.20",38987
"28-Oct-2021","EQ","474.00","475.80","461.00","472.30","461.95","462.90","467.98","602.05","390.50",1510625,"706,948,730.45",31527
"27-Oct-2021","EQ","471.80","475.70","469.40","473.20","472.00","472.30","472.54","602.05","390.50",1420175,"671,085,418.45",25143
"26-Oct-2021","EQ","468.00","474.50","467.05","468.55","474.00","473.20","470.68","602.05","390.50",2164082,"1,018,584,200.45",42016
"25-Oct-2021","EQ","479.00","479.20","462.80","476.10","469.25","468.55","468.44","602.05","390.50",2582355,"1,209,670,815.95",53001
"22-Oct-2021","EQ","492.10","495.50","475.05","491.35","477.10","476.10","482.51","602.05","373.70",5099924,"2,460,774,447.65",48396
"21-Oct-2021","EQ","501.75","501.75","485.00","499.05","492.25","491.35","491.55","602.05","373.70",4026798,"1,979,368,422.85",60936
"20-Oct-2021","EQ","506.00","507.55","498.00","505.60","499.90","499.05","502.41","602.05","373.70",2509238,"1,260,674,703.10",68585
"19-Oct-2021","EQ","512.95","518.80","503.75","509.00","504.25","505.60","512.61","602.05","373.70",3551285,"1,820,418,972.70",58799
"18-Oct-2021","EQ","511.00","512.15","504.20","509.80","510.00","509.00","508.49","602.05","373.70",3477135,"1,768,081,148.75",63790
"14-Oct-2021","EQ","519.75","519.75","509.00","515.50","509.75","509.80","511.14","602.05","364.10",2667604,"1,363,523,841.80",73963
"13-Oct-2021","EQ","517.00","523.90","514.50","509.00","516.10","515.50","518.98","602.05","364.10",5071477,"2,632,010,217.20",127646
"12-Oct-2021","EQ","514.95","517.60","507.25","514.45","510.70","509.00","510.06","602.05","364.10",3670223,"1,872,021,354.80",72766
"11-Oct-2021","EQ","520.00","523.90","514.00","518.40","514.95","514.45","516.99","602.05","364.10",2762269,"1,428,069,116.70",39825
"08-Oct-2021","EQ","521.60","521.80","517.00","519.20","519.00","518.40","518.56","602.05","364.10",906692,"470,170,530.75",25574
"07-Oct-2021","EQ","520.00","522.55","517.00","516.70","519.80","519.20","519.97","602.05","364.10",1495591,"777,656,966.95",34392
"06-Oct-2021","EQ","527.00","530.85","515.25","526.55","517.75","516.70","522.11","602.05","364.10",2452408,"1,280,423,978.15",47839
"05-Oct-2021","EQ","530.60","535.75","525.00","527.75","526.20","526.55","530.78","602.05","364.10",2405326,"1,276,688,551.90",48498
"04-Oct-2021","EQ","533.60","533.60","521.20","530.30","528.00","527.75","526.49","602.05","364.10",2899144,"1,526,367,527.55",44720
"01-Oct-2021","EQ","535.00","537.00","525.55","533.10","528.95","530.30","531.65","602.05","364.10",3285889,"1,746,951,980.45",59972
"30-Sep-2021","EQ","522.00","535.25","519.50","518.65","533.40","533.10","527.86","602.05","364.10",3878320,"2,047,209,220.55",54164
"29-Sep-2021","EQ","516.00","520.65","510.30","516.60","520.65","518.65","513.73","602.05","364.10",4947601,"2,541,747,626.50",81527
"28-Sep-2021","EQ","527.50","530.00","515.00","524.70","516.40","516.60","520.91","602.05","364.10",3815517,"1,987,557,077.55",114825
"27-Sep-2021","EQ","534.00","534.00","523.10","530.50","523.50","524.70","525.27","602.05","364.10",2435361,"1,279,214,772.55",54893
"24-Sep-2021","EQ","540.00","541.50","528.70","537.30","530.60","530.50","533.81","602.05","364.10",1175774,"627,643,069.20",34063
"23-Sep-2021","EQ","542.00","542.40","533.65","537.65","537.70","537.30","537.06","602.05","364.10",1857323,"997,495,129.45",42575
"22-Sep-2021","EQ","550.20","553.85","536.15","549.40","538.25","537.65","542.91","602.05","364.10",2102574,"1,141,503,745.90",40340
"21-Sep-2021","EQ","540.00","551.40","535.20","543.45","550.20","549.40","543.25","602.05","364.10",2536603,"1,378,019,164.65",63963
"20-Sep-2021","EQ","553.15","558.40","537.50","561.35","540.00","543.45","550.83","602.05","364.10",1902041,"1,047,700,857.95",54054
"17-Sep-2021","EQ","571.00","572.85","558.10","570.80","561.00","561.35","563.64","602.05","364.10",1753344,"988,256,653.60",32207
"16-Sep-2021","EQ","585.60","588.60","569.40","585.60","570.70","570.80","574.67","602.05","364.10",1911692,"1,098,585,784.80",38792
"15-Sep-2021","EQ","587.00","593.00","583.15","587.00","586.50","585.60","588.01","602.05","364.10",1586422,"932,824,671.35",39058
"14-Sep-2021","EQ","600.00","602.05","585.45","591.45","587.00","587.00","593.26","602.05","364.10",3871669,"2,296,896,287.90",73956
"13-Sep-2021","EQ","566.50","595.00","565.00","564.30","594.55","591.45","583.19","595.00","364.10",5881829,"3,430,217,212.80",97075
"09-Sep-2021","EQ","562.00","574.50","558.70","565.00","565.00","564.30","565.67","594.85","364.10",1676976,"948,622,411.10",32874
"08-Sep-2021","EQ","564.60","568.00","560.40","564.65","566.10","565.00","564.04","594.85","364.10",985014,"555,590,858.40",22770
"07-Sep-2021","EQ","574.40","582.75","563.00","571.35","564.60","564.65","572.87","594.85","364.10",3279750,"1,878,886,100.65",65002
"06-Sep-2021","EQ","558.00","574.30","557.10","558.15","574.00","571.35","566.89","594.85","364.10",1932899,"1,095,737,763.20",39320
"03-Sep-2021","EQ","559.75","565.20","555.25","558.40","558.20","558.15","561.31","594.85","364.10",1444074,"810,575,871.05",33747
"02-Sep-2021","EQ","549.30","559.90","549.30","549.30","558.90","558.40","556.36","594.85","364.10",1385855,"771,035,356.55",39617
"01-Sep-2021","EQ","549.00","553.40","540.05","545.85","549.00","549.30","547.87","594.85","364.10",2022939,"1,108,317,426.60",60346
"31-Aug-2021","EQ","534.75","551.85","530.20","531.90","545.95","545.85","545.89","594.85","364.10",4255913,"2,323,265,693.75",72574
"30-Aug-2021","EQ","530.10","535.50","525.30","524.80","532.35","531.90","531.22","594.85","364.10",1618526,"859,793,562.85",35089
"27-Aug-2021","EQ","525.05","531.50","522.50","524.35","524.90","524.80","526.89","594.85","364.10",1148720,"605,250,434.80",18870
"26-Aug-2021","EQ","524.85","528.60","521.40","524.85","526.00","524.35","524.34","594.85","364.10",840207,"440,550,553.00",14756
"25-Aug-2021","EQ","527.45","528.90","522.80","524.85","525.00","524.85","524.98","594.85","364.10",1068434,"560,908,301.10",25523
"24-Aug-2021","EQ","525.05","530.70","522.05","522.90","524.90","524.85","525.44","594.85","364.10",1633585,"858,344,955.45",47577
"23-Aug-2021","EQ","526.00","527.05","516.05","521.90","524.30","522.90","521.72","594.85","364.10",858134,"447,707,052.40",22284
"20-Aug-2021","EQ","528.10","536.50","519.60","528.10","519.75","521.90","527.54","594.85","364.10",1917601,"1,011,612,855.60",50031
"18-Aug-2021","EQ","537.00","537.45","525.55","534.90","530.40","528.10","528.83","594.85","364.10",1783360,"943,088,747.20",33644
"17-Aug-2021","EQ","536.95","542.50","532.00","539.10","534.85","534.90","534.56","594.85","364.10",1633462,"873,191,394.00",22186
"16-Aug-2021","EQ","535.15","553.20","531.70","535.15","536.95","539.10","541.64","594.85","364.10",4455900,"2,413,478,308.30",102660
"13-Aug-2021","EQ","536.95","541.50","531.00","536.65","536.00","535.15","536.31","594.85","364.10",4080914,"2,188,651,563.15",60530
"12-Aug-2021","EQ","524.60","537.75","511.25","521.90","536.35","536.65","530.40","594.85","364.10",3258057,"1,728,081,228.20",42681
"11-Aug-2021","EQ","524.00","524.00","514.05","522.10","523.00","521.90","518.01","594.85","364.10",1434289,"742,975,131.75",34526
"10-Aug-2021","EQ","528.70","535.60","519.50","525.70","521.90","522.10","528.34","594.85","364.10",1870372,"988,192,793.25",39346
"09-Aug-2021","EQ","535.70","537.85","524.95","535.20","526.75","525.70","528.51","594.85","364.10",1043203,"551,345,339.40",19559
"06-Aug-2021","EQ","540.00","542.35","534.20","539.55","534.95","535.20","537.29","594.85","364.10",949584,"510,200,205.65",23066
"05-Aug-2021","EQ","548.35","548.35","538.20","545.55","539.50","539.55","542.44","594.85","364.10",1138942,"617,808,598.30",31763
"04-Aug-2021","EQ","559.05","559.05","544.00","556.10","545.40","545.55","550.13","594.85","364.10",2038763,"1,121,589,628.05",29163
"03-Aug-2021","EQ","557.55","566.50","554.50","557.50","555.35","556.10","559.94","594.85","364.10",1407792,"788,285,036.95",24807
"02-Aug-2021","EQ","562.00","562.00","551.85","557.75","558.45","557.50","555.17","594.85","364.10",1738317,"965,067,391.55",20183
"30-Jul-2021","EQ","550.60","562.00","548.05","547.60","559.45","557.75","557.77","594.85","364.10",2669022,"1,488,692,996.30",42756
"29-Jul-2021","EQ","549.25","560.95","545.00","546.50","550.00","547.60","552.58","594.85","364.10",1860887,"1,028,289,713.70",27642
"28-Jul-2021","EQ","549.20","554.90","541.30","546.40","546.70","546.50","548.64","594.85","364.10",2578095,"1,414,453,257.75",45373
"27-Jul-2021","EQ","549.90","551.45","542.35","546.95","548.25","546.40","546.52","594.85","364.10",7588089,"4,147,065,927.75",36041
"26-Jul-2021","EQ","538.00","548.65","534.85","538.15","548.00","546.95","542.85","594.85","364.10",6535919,"3,548,027,964.05",35728
"23-Jul-2021","EQ","540.00","545.70","535.10","539.50","538.70","538.15","539.29","594.85","364.10",4559632,"2,458,963,130.60",41019
"22-Jul-2021","EQ","541.70","543.15","537.00","538.20","539.65","539.50","539.65","594.85","364.10",3504984,"1,891,452,632.00",34876
"20-Jul-2021","EQ","549.70","549.70","536.95","549.70","537.55","538.20","540.22","594.85","364.10",3431968,"1,854,002,452.10",33087
"19-Jul-2021","EQ","552.60","556.00","547.65","552.60","550.00","549.70","550.95","594.85","364.10",1508022,"830,841,099.20",21317
"16-Jul-2021","EQ","561.70","562.90","551.00","560.20","552.30","552.60","554.26","594.85","364.10",1256479,"696,418,430.20",28337
"15-Jul-2021","EQ","563.00","565.45","557.35","560.25","559.75","560.20","561.56","594.85","364.10",1369642,"769,141,815.45",24108
"14-Jul-2021","EQ","566.75","568.30","559.00","566.45","560.85","560.25","562.64","594.85","364.10",970438,"546,005,367.20",17720
"13-Jul-2021","EQ","572.00","575.00","565.10","569.55","566.00","566.45","569.73","594.85","364.10",1262274,"719,149,389.20",21703
"12-Jul-2021","EQ","572.90","577.90","567.20","570.05","569.20","569.55","572.97","594.85","364.10",1316126,"754,095,084.20",30233
"09-Jul-2021","EQ","580.00","581.75","568.60","578.85","571.55","570.05","573.26","594.85","364.10",2079011,"1,191,811,185.70",42477
"08-Jul-2021","EQ","564.00","584.00","563.00","561.15","577.70","578.85","579.04","594.85","364.10",8985279,"5,202,863,565.15",127334
"07-Jul-2021","EQ","561.00","567.00","557.30","562.80","562.05","561.15","562.53","594.85","364.10",1242875,"699,148,432.95",21650
"06-Jul-2021","EQ","566.90","571.35","561.50","568.25","563.00","562.80","567.50","594.85","364.10",1445954,"820,578,092.65",18364
"05-Jul-2021","EQ","566.50","572.00","564.15","563.65","567.60","568.25","568.40","594.85","364.10",1515452,"861,386,147.35",28594
"02-Jul-2021","EQ","571.85","571.85","558.45","570.60","564.05","563.65","563.29","594.85","364.10",4074602,"2,295,163,476.15",57061
"01-Jul-2021","EQ","559.25","573.00","558.00","557.75","571.00","570.60","567.84","594.85","364.10",5364609,"3,046,252,523.15",71991
"30-Jun-2021","EQ","554.60","561.55","546.50","549.95","556.95","557.75","555.24","594.85","364.10",4834329,"2,684,209,195.75",65056
"29-Jun-2021","EQ","536.20","558.00","532.30","533.55","550.90","549.95","549.09","594.85","364.10",8682058,"4,767,246,550.55",124964
"28-Jun-2021","EQ","521.20","545.00","519.30","512.55","534.70","533.55","536.34","594.85","364.10",11034403,"5,918,202,249.45",146450
"25-Jun-2021","EQ","515.15","522.65","508.15","513.80","513.35","512.55","515.99","594.85","364.10",4909146,"2,533,086,950.75",64661
"24-Jun-2021","EQ","520.90","521.55","512.50","518.55","514.20","513.80","515.20","594.85","364.10",1281172,"660,055,973.20",23811
"23-Jun-2021","EQ","531.60","533.35","517.60","528.30","518.75","518.55","521.57","594.85","364.10",2099297,"1,094,935,866.30",38466
"22-Jun-2021","EQ","539.40","539.50","527.00","533.70","528.00","528.30","533.15","594.85","364.10",1954627,"1,042,099,993.25",25205
"21-Jun-2021","EQ","524.00","535.00","521.10","531.95","533.50","533.70","530.00","594.85","364.10",1769603,"937,892,022.60",35172
"18-Jun-2021","EQ","538.90","542.00","523.65","535.95","532.40","531.95","532.59","594.85","364.10",3697836,"1,969,417,731.65",56223
"17-Jun-2021","EQ","531.90","541.60","528.00","534.10","537.40","535.95","536.49","594.85","364.10",2144196,"1,150,332,813.75",39397
"16-Jun-2021","EQ","543.00","543.00","532.90","538.90","534.10","534.10","536.38","594.85","364.10",2363301,"1,267,629,910.15",37390
"15-Jun-2021","EQ","535.00","544.80","532.90","530.85","539.75","538.90","540.45","594.85","364.10",3313375,"1,790,725,633.35",45362
"14-Jun-2021","EQ","540.00","540.00","527.00","536.30","532.00","530.85","532.36","594.85","364.10",1679664,"894,185,691.75",23251
"11-Jun-2021","EQ","541.50","548.40","534.70","537.65","536.00","536.30","540.59","594.85","364.10",3236268,"1,749,503,105.55",54942
"10-Jun-2021","EQ","534.95","544.00","532.45","531.80","538.00","537.65","537.37","594.85","364.10",2343389,"1,259,255,684.60",35335
"09-Jun-2021","EQ","531.00","544.80","527.90","529.85","532.80","531.80","537.04","594.85","364.10",4242092,"2,278,161,697.70",63705
"08-Jun-2021","EQ","530.00","540.00","527.55","528.40","529.90","529.85","532.16","594.85","364.10",2910570,"1,548,901,360.05",57068
"07-Jun-2021","EQ","531.45","534.00","526.00","524.20","529.00","528.40","529.73","594.85","364.10",2760711,"1,462,444,721.10",41965
"04-Jun-2021","EQ","526.00","529.45","519.25","526.45","524.50","524.20","522.95","594.85","364.10",3250757,"1,699,974,111.50",45470
"03-Jun-2021","EQ","537.00","537.00","525.00","531.10","526.00","526.45","529.87","594.85","364.10",1970303,"1,044,005,093.80",47296
"02-Jun-2021","EQ","525.00","535.55","521.15","524.75","531.00","531.10","530.48","594.85","364.10",3911264,"2,074,855,903.90",49981
"01-Jun-2021","EQ","532.65","533.00","520.30","528.85","525.00","524.75","526.34","594.85","364.10",1920032,"1,010,597,723.00",34723
"31-May-2021","EQ","515.00","534.00","510.00","513.65","528.05","528.85","525.77","594.85","364.10",5437058,"2,858,632,198.50",72539
"28-May-2021","EQ","521.00","523.85","513.00","517.30","514.00","513.65","516.95","594.85","364.10",1740562,"899,790,216.10",35142
"27-May-2021","EQ","512.00","521.15","506.10","509.20","520.40","517.30","515.61","594.85","364.10",5677868,"2,927,589,018.70",61907
"26-May-2021","EQ","510.00","513.15","507.00","508.35","509.95","509.20","509.43","594.85","364.10",1632830,"831,807,639.45",25719
"25-May-2021","EQ","511.80","522.00","503.80","507.80","509.00","508.35","512.88","594.85","364.10",5470207,"2,805,580,555.70",85002
"24-May-2021","EQ","506.00","511.50","501.65","502.40","507.00","507.80","508.09","594.85","364.10",2425892,"1,232,578,190.55",29659
"21-May-2021","EQ","505.00","509.80","498.65","502.50","502.95","502.40","502.88","594.85","364.10",2729818,"1,372,781,577.25",44912
"20-May-2021","EQ","516.50","517.00","501.50","515.05","503.00","502.50","505.77","594.85","364.10",1962472,"992,554,639.20",70165
"19-May-2021","EQ","514.00","523.00","511.10","512.90","515.90","515.05","516.46","594.85","364.10",1556296,"803,771,686.75",26406
"18-May-2021","EQ","520.00","520.00","511.50","513.35","514.50","512.90","514.51","594.85","364.10",854792,"439,801,546.05",16915
"17-May-2021","EQ","511.65","517.90","507.25","511.65","513.30","513.35","511.28","594.85","364.10",1358115,"694,372,247.25",21256
"14-May-2021","EQ","520.00","522.75","510.60","517.25","511.50","511.65","515.61","594.85","364.10",1185436,"611,221,422.80",18096
"12-May-2021","EQ","525.00","530.40","516.15","525.55","518.85","517.25","520.60","594.85","364.10",1259727,"655,818,233.25",22675
"11-May-2021","EQ","516.00","529.40","511.65","516.60","525.95","525.55","524.37","594.85","364.10",2142940,"1,123,691,731.95",37938
"10-May-2021","EQ","515.35","524.55","515.35","515.10","517.00","516.60","519.01","594.85","364.10",1065234,"552,869,788.10",16740
"07-May-2021","EQ","525.00","530.00","513.40","519.85","515.25","515.10","519.77","594.85","364.10",1728437,"898,392,154.00",32182
"06-May-2021","EQ","514.15","522.00","507.70","508.50","520.00","519.85","514.48","594.85","364.10",1430439,"735,934,790.85",24223
"05-May-2021","EQ","508.40","515.60","504.00","503.20","506.50","508.50","508.95","594.85","364.10",1254283,"638,371,993.10",22921
"04-May-2021","EQ","503.80","512.00","501.15","500.85","502.50","503.20","505.95","594.85","364.10",1231586,"623,122,616.70",18719
"03-May-2021","EQ","504.95","508.65","495.75","508.95","501.00","500.85","499.63","594.85","364.10",1527271,"763,068,563.95",34388
"30-Apr-2021","EQ","500.00","522.95","497.50","505.25","509.00","508.95","513.48","594.85","364.10",2516221,"1,292,029,209.05",43597
"29-Apr-2021","EQ","513.95","514.70","503.40","510.65","505.00","505.25","507.59","594.85","364.10",657308,"333,642,499.90",16746
"28-Apr-2021","EQ","515.00","515.00","506.60","509.65","510.00","510.65","509.96","594.85","364.10",842391,"429,589,469.15",25678
"27-Apr-2021","EQ","508.80","514.95","506.00","508.80","509.05","509.65","509.09","594.85","364.10",724487,"368,828,964.35",15265
"26-Apr-2021","EQ","512.00","516.00","506.50","509.90","507.35","508.80","510.87","594.85","364.10",467414,"238,787,669.05",9697
"23-Apr-2021","EQ","508.00","517.50","505.45","511.95","510.70","509.90","512.67","594.85","364.10",1021681,"523,781,883.40",22490
"22-Apr-2021","EQ","502.00","513.85","496.00","504.20","513.85","511.95","506.80","594.85","364.10",1267346,"642,288,481.35",20767
"20-Apr-2021","EQ","502.00","514.00","500.00","498.10","504.00","504.20","507.35","594.85","364.10",1663453,"843,957,366.70",24196
"19-Apr-2021","EQ","501.00","503.90","487.20","515.15","497.50","498.10","496.80","594.85","364.10",1536072,"763,124,960.40",48248